<?xml version="1.0" encoding="UTF-8" ?>
<!DOCTYPE mapper
  PUBLIC "-//mybatis.org//DTD Config 3.0//EN"
  "http://mybatis.org/dtd/mybatis-3-mapper.dtd">
 
<mapper namespace="org.spring.mapper.memberMapper">
 
    <!-- 
        mybatis-config.xml의 typeAlias에 등록해두지 않았다면 
        
        <select id="selectMember" resultType="com.example.dto.MemberVO" >
            SELECT ID, PW ,NAME FROM TEST
        </select>
        
        이렇게 해야 한다.
    -->
    
    <select id="list" resultType="boardVO">
        SELECT id,title,writer,regdate FROM spring5fs.myBoard
    </select>
    
    <insert id= "insert" >
    	INSERT INTO spring5fs.TEST(ID, PW ,NAME) VALUES(#{id},#{pw},#{name})
    </insert>
    
<select id="login" resultType="memberVO">
 select ID,NAME FROM spring5fs.TEST where id = #{id} and pw = #{pw}
</select>


<insert id="write">
	insert into spring5fs.myBoard(title,content,writer,regdate) 
	values (#{title},#{content},#{writer},now());
</insert>


    <select id="read" parameterType="int" resultType="boardVO">
		SELECT id,title,content,writer,regdate FROM spring5fs.myBoard where id=#{id}
	</select>
 
 <update id="update">
 	update spring5fs.myBoard set title=#{title},content=#{content} where id=#{id}
 </update>
 
 <delete id="delete">
 delete from spring5fs.myBoard where id=#{id}
 </delete>
</mapper>




